step,elapsed_tokens,elapsed_examples,training_loss,training_sequence_accuracy,training_token_accuracy
1,473,1,0.2518514749697786,0.0,0.9087837837837838
2,1018,2,0.33786418782947014,0.0,0.8785310734463276
3,1499,3,0.21377110597974736,0.0,0.9264214046822743
4,1956,4,0.20054191902978394,0.0,0.9233576642335767
5,2429,5,0.13685568161284503,0.0,0.9595959595959596
6,3094,6,0.15412442398685042,0.0,0.953125
7,3575,7,0.09183758352425893,0.0,0.9798657718120806
8,4264,8,0.12868672400778022,0.0,0.9544419134396356
9,4945,9,0.12916219326542008,0.0,0.9644444444444444
10,5418,10,0.05700767322024662,0.0,0.9797979797979798
11,5987,11,0.06563768009549287,0.0,0.9757412398921833
12,6468,12,0.04700134269487459,0.0,0.9832775919732442
13,6949,13,0.021497956278955697,0.0,0.9932885906040269
14,7830,14,0.1035243290835334,0.0,0.9672386895475819
15,8311,15,0.022942667854983636,0.0,0.9899665551839465
16,8792,16,0.02944350141124145,0.0,0.9866220735785953
17,9273,17,0.012339106223213,0.0,0.9933110367892977
18,9866,18,0.030332036539267502,0.0,0.9892761394101877
19,10347,19,0.009138951825857595,0.0,0.9966442953020134
20,10916,20,0.029680723070391133,0.0,0.9892761394101877
21,11397,21,0.029628847714156598,0.0,0.99
22,11918,22,0.0434296175935651,0.0,0.9877675840978594
23,12399,23,0.027282212001328215,0.0,0.9865771812080537
24,12880,24,0.01211462431644625,0.0,0.9899328859060402
25,13385,25,0.07583683916163723,0.0,0.9789156626506024
26,13954,26,0.013991755520989966,0.0,0.9973118279569892
27,14619,27,0.0281374155906194,0.0,0.9862385321100917
28,15236,28,0.1753365114196434,0.0,0.948019801980198
29,15709,29,0.019287758230753467,0.0,0.98989898989899
30,16278,30,0.022109013801634686,0.0,0.9892183288409704
31,16895,31,0.017064431941421796,0.0,0.9976580796252927
32,17376,32,0.006557090874698039,1.0,1.0
33,17905,33,0.016484678482431552,0.0,0.9943181818181818
34,18386,34,0.007633229197176337,1.0,1.0
35,18939,35,0.025090172391605697,0.0,0.9886363636363636
36,19420,36,0.007687347197429946,0.0,0.9966555183946488
37,19901,37,0.00802310116716476,1.0,1.0
38,20382,38,0.007005986326014198,1.0,1.0
39,21271,39,0.09714837434328039,0.0,0.9689922480620154
40,21808,40,0.016825776066267693,0.0,0.9943342776203966
41,22281,41,0.00672937395082102,0.0,0.9966329966329966
42,22762,42,0.023945926324087267,0.0,0.9933110367892977
43,23331,43,0.01151443078583968,0.0,0.9973262032085561
44,23812,44,0.006458062915498517,1.0,1.0
45,24293,45,0.005625909035242339,1.0,1.0
46,24742,46,0.09866168036770355,0.0,0.981549815498155
47,25311,47,0.009021501052570822,1.0,1.0
48,25792,48,0.006389884656273711,1.0,1.0
49,26273,49,0.007515500396343162,1.0,1.0
50,26746,50,0.0076130703476262485,1.0,1.0
51,27227,51,0.0063507357183523756,1.0,1.0
52,27812,52,0.014926490538489715,0.0,0.9946236559139785
53,29085,53,0.07518172781207881,0.0,0.9765784114052953
54,29614,54,0.014953123121133548,0.0,0.9969788519637462
55,30607,55,0.06323377054695235,0.0,0.9818435754189944
56,31200,56,0.010608943092013627,1.0,1.0
57,31681,57,0.004730602921593286,1.0,1.0
58,32162,58,0.004896397240921726,1.0,1.0
59,32755,59,0.00953735923255264,0.0,0.9973190348525469
60,33236,60,0.004287266219454886,1.0,1.0
61,34085,61,0.08356853463389749,0.0,0.9679595278246206
62,34566,62,0.004522426750220902,1.0,1.0
63,35103,63,0.007621428086665672,0.0,0.9971988795518207
64,35648,64,0.0943525494080571,0.0,0.9727520435967303
65,36129,65,0.0035742135874647094,1.0,1.0
66,36602,66,0.004141159958230971,1.0,1.0
67,37139,67,0.007137840063321496,0.0,0.9971830985915493
68,37612,68,0.003968710303968438,1.0,1.0
69,38237,69,0.05462618398854929,0.0,0.9875
70,38726,70,0.011333595042482693,0.0,0.9967845659163987
71,39207,71,0.004066793552210403,1.0,1.0
72,39688,72,0.00511134774069259,1.0,1.0
73,40257,73,0.020957412404556584,0.0,0.9946666666666667
74,40802,74,0.025326964728879613,0.0,0.994269340974212
75,41275,75,0.0036792597673038904,1.0,1.0
76,41756,76,0.005300600213293485,1.0,1.0
77,42237,77,0.004768095688514272,1.0,1.0
78,42718,78,0.005974555733438904,0.0,0.9966666666666667
79,43463,79,0.09348485242289119,0.0,0.9709864603481625
80,43944,80,0.004315965552695905,1.0,1.0
81,44425,81,0.004448099492347364,1.0,1.0
82,44906,82,0.0044440062715161745,1.0,1.0
83,45387,83,0.0042625217366357585,1.0,1.0
84,45868,84,0.004061515796983206,1.0,1.0
85,46397,85,0.010033868881450478,0.0,0.9971751412429378
86,47078,86,0.014617269196879439,0.0,0.9933184855233853
87,47559,87,0.003961398942835081,1.0,1.0
88,48040,88,0.007711828340510616,0.0,0.9966442953020134
89,48521,89,0.0038810342773262624,1.0,1.0
90,49002,90,0.003980087237414439,1.0,1.0
91,49483,91,0.0033093362932312023,1.0,1.0
92,49964,92,0.0034960592322427664,1.0,1.0
93,50445,93,0.003968404774494335,1.0,1.0
94,50926,94,0.003683919943103159,1.0,1.0
95,51407,95,0.004074494429981809,1.0,1.0
96,51888,96,0.003784223138230311,1.0,1.0
97,52369,97,0.003779082486175536,1.0,1.0
98,53002,98,0.12951314978699113,0.0,0.9619686800894854
99,53475,99,0.0033883683682510777,1.0,1.0
100,53956,100,0.003630297096179098,1.0,1.0
101,54605,101,0.05913325943227019,0.0,0.9755555555555555
102,55318,102,0.09346816604167753,0.0,0.9685658153241651
103,55799,103,0.003945581679107652,1.0,1.0
104,56272,104,0.0035926916177220526,1.0,1.0
105,56753,105,0.0042069988022819405,1.0,1.0
106,57226,106,0.0037294441197466724,1.0,1.0
107,57667,107,0.036880701922770605,0.0,0.9924812030075187
108,58236,108,0.016208082842964624,0.0,0.9919354838709677
109,58805,109,0.009492118632525573,1.0,1.0
110,59286,110,0.0037654597182786927,1.0,1.0
111,59799,111,0.02468164556684912,0.0,0.991044776119403
112,60280,112,0.004625755665875496,1.0,1.0
113,60857,113,0.008592603369039277,1.0,1.0
114,61586,114,0.05058310966621346,0.0,0.9812108559498957
115,62395,115,0.07272300461272266,0.0,0.9738675958188153
116,62868,116,0.004285150432243901,1.0,1.0
117,63485,117,0.044256580030664947,0.0,0.9900497512437811
118,63966,118,0.0036379514629944214,1.0,1.0
119,64439,119,0.0032456882320615545,1.0,1.0
120,64920,120,0.003591915754616377,1.0,1.0
121,65481,121,0.07917969142489772,0.0,0.9719887955182073
122,65962,122,0.0032057802825982266,1.0,1.0
123,66467,123,0.010541298320685056,0.0,0.9939393939393939
124,66940,124,0.003871201258538592,1.0,1.0
125,67421,125,0.004390933585326595,1.0,1.0
126,67870,126,0.035329356440155724,0.0,0.9926470588235294
127,68351,127,0.003036170970889519,1.0,1.0
128,68824,128,0.0031094080042326742,1.0,1.0
129,69297,129,0.00299514148837441,1.0,1.0
130,69826,130,0.031015734712992654,0.0,0.9915254237288136
131,70363,131,0.008143165512570808,0.0,0.9971988795518207
132,70948,132,0.038183008071443106,0.0,0.9918918918918919
133,71429,133,0.0034815590593196433,1.0,1.0
134,71902,134,0.0032530486051924766,1.0,1.0
135,72383,135,0.0032058136537952467,1.0,1.0
136,72864,136,0.004237221961658142,1.0,1.0
137,73345,137,0.00445565406241218,1.0,1.0
138,73834,138,0.00427883157557615,1.0,1.0
139,74283,139,0.013503515854046121,0.0,0.992619926199262
140,75508,140,0.05808711534411525,0.0,0.9825136612021858
141,75989,141,0.0043875275300475506,1.0,1.0
142,76582,142,0.010612202210349019,1.0,1.0
143,77119,143,0.012981201994019134,0.0,0.9972067039106145
144,77600,144,0.0055950949942543,1.0,1.0
145,78081,145,0.004278975388204457,1.0,1.0
146,78554,146,0.003789174007112135,1.0,1.0
147,79123,147,0.005912144554029289,1.0,1.0
148,79644,148,0.023180322313630486,0.0,0.9909638554216867
149,80125,149,0.003314729199830613,1.0,1.0
150,80598,150,0.003439968355929423,1.0,1.0
151,81079,151,0.0037578554396620716,1.0,1.0
152,81560,152,0.0032854202190198954,1.0,1.0
153,82041,153,0.0033494443114216936,1.0,1.0
154,82514,154,0.0032376256143731756,1.0,1.0
155,82995,155,0.003158874871795182,1.0,1.0
156,83476,156,0.0029090578641548116,1.0,1.0
157,83989,157,0.06867014535235962,0.0,0.9790419161676647
158,84558,158,0.006762631941074869,1.0,1.0
159,85039,159,0.003029641378185898,1.0,1.0
160,85624,160,0.007488471424117794,1.0,1.0
161,86105,161,0.0029767412271541186,1.0,1.0
162,86690,162,0.03038032798119859,0.0,0.9945945945945946
163,87211,163,0.02052337707994672,0.0,0.9885386819484241
164,87692,164,0.0031812503787958875,1.0,1.0
165,88237,165,0.006900356154839894,1.0,1.0
166,88718,166,0.0030090186584811225,1.0,1.0
167,89199,167,0.0027386534068789057,1.0,1.0
168,89680,168,0.0028907630841595263,1.0,1.0
169,90161,169,0.002993122167750972,1.0,1.0
170,90706,170,0.011236690350986267,0.0,0.9943502824858758
171,91179,171,0.0027280674929395475,1.0,1.0
172,91708,172,0.004669996749182798,1.0,1.0
173,92189,173,0.01521340404008953,0.0,0.9966666666666667
174,92662,174,0.00288996137527877,1.0,1.0
175,93135,175,0.0025783938060959842,1.0,1.0
176,93688,176,0.04466870571033108,0.0,0.9882697947214076
177,94161,177,0.003072520554604267,1.0,1.0
178,94642,178,0.003450008591192385,1.0,1.0
179,95571,179,0.03738347959889448,0.0,0.9854651162790697
180,96164,180,0.007152890176426238,0.0,0.9973333333333333
181,96637,181,0.0026629595997501743,1.0,1.0
182,97118,182,0.0032610038664571267,1.0,1.0
183,97599,183,0.003201481591751243,1.0,1.0
184,98080,184,0.0027633303580430666,1.0,1.0
185,98665,185,0.005749372881666931,1.0,1.0
186,99146,186,0.0029067581698287662,1.0,1.0
187,99627,187,0.0029405829778560624,1.0,1.0
188,100212,188,0.008882010716600386,0.0,0.9972826086956522
189,100693,189,0.0024704902001516245,1.0,1.0
190,101174,190,0.0029139663698523324,1.0,1.0
191,101631,191,0.013832808723507752,0.0,0.9927007299270073
192,102112,192,0.002984839373467101,1.0,1.0
193,102593,193,0.004106604454223073,1.0,1.0
194,103074,194,0.0033747264080959084,1.0,1.0
195,103619,195,0.020651790697539807,0.0,0.9915492957746479
196,104268,196,0.03915488733580629,0.0,0.9843400447427293
197,105245,197,0.025479704237619746,0.0,0.9931318681318682
198,105782,198,0.04691012389338218,0.0,0.9798850574712644
199,106239,199,0.010550997189928071,0.0,0.9963503649635036
200,106720,200,0.0024488598844552728,1.0,1.0
201,107201,201,0.0029150427692385557,1.0,1.0
202,107682,202,0.002929120060581628,1.0,1.0
203,108347,203,0.013405186798380214,0.0,0.9977064220183486
204,108828,204,0.003256059471281591,1.0,1.0
205,109309,205,0.0030232144249415804,1.0,1.0
206,109870,206,0.01950877889536758,0.0,0.9971988795518207
207,110519,207,0.027415541970100918,0.0,0.9866666666666667
208,111000,208,0.0029849797334935697,1.0,1.0
209,111481,209,0.002583801532852605,1.0,1.0
210,111954,210,0.0030932226874312244,1.0,1.0
211,112507,211,0.02214530297893076,0.0,0.9882697947214076
212,112988,212,0.0038124217899636386,1.0,1.0
213,113525,213,0.01006078198068207,0.0,0.9943977591036415
214,114006,214,0.002335739413823626,1.0,1.0
215,114487,215,0.002792695716658615,1.0,1.0
216,114960,216,0.0023456530900263935,1.0,1.0
217,115441,217,0.0025988293207550653,1.0,1.0
218,115970,218,0.006329404595330115,0.0,0.9969788519637462
219,116451,219,0.002549404509543317,1.0,1.0
220,116932,220,0.0023989236377668813,1.0,1.0
221,117413,221,0.002759315977969304,1.0,1.0
222,118062,222,0.015144785214268859,0.0,0.9977628635346756
223,118535,223,0.0020125802260450897,1.0,1.0
224,119264,224,0.031530558777010206,0.0,0.9874739039665971
225,119737,225,0.001940943381509697,1.0,1.0
226,120194,226,0.012192815772544977,0.0,0.9963503649635036
227,121187,227,0.024306679827340777,0.0,0.9930167597765364
228,121636,228,0.008529938491713733,0.0,0.9963235294117647
229,122117,229,0.003216941449694351,1.0,1.0
230,122590,230,0.003991086900568008,0.0,0.9966216216216216
231,123135,231,0.008783464955905781,0.0,0.9971988795518207
232,123616,232,0.005818216451991632,0.0,0.9966555183946488
233,124097,233,0.004351259173335599,0.0,0.9966666666666667
234,124978,234,0.020779039081795927,0.0,0.9921996879875195
235,125523,235,0.01244216585348938,0.0,0.994269340974212
236,126092,236,0.004388687649514114,1.0,1.0
237,126685,237,0.00587446020756287,1.0,1.0
238,127166,238,0.0024278625591643444,1.0,1.0
239,127647,239,0.0023127532778791622,1.0,1.0
240,128216,240,0.006264736383818126,1.0,1.0
241,128905,241,0.018299797829033387,0.0,0.9908883826879271
242,129522,242,0.008289006895805251,0.0,0.9976580796252927
243,130003,243,0.0021489046117943093,1.0,1.0
244,130636,244,0.07561535614778113,0.0,0.9664429530201343
245,131221,245,0.01365096468080292,0.0,0.9945945945945946
246,131806,246,0.004931126810825288,1.0,1.0
247,132351,247,0.013739523328055657,0.0,0.9943661971830986
248,132856,248,0.04055020914430707,0.0,0.990909090909091
249,133329,249,0.0020696517581379483,1.0,1.0
250,133786,250,0.023739222405030135,0.0,0.9927007299270073
251,134267,251,0.0025218691735143703,1.0,1.0
252,135492,252,0.03412337073171,0.0,0.9879781420765027
253,136085,253,0.014868704951160406,0.0,0.9973333333333333
254,136566,254,0.009228848846067568,0.0,0.9966555183946488
255,137047,255,0.0029283202407556145,1.0,1.0
256,137560,256,0.025333699073405814,0.0,0.9940119760479041
257,138129,257,0.006161297740029964,1.0,1.0
258,138610,258,0.0036785011721389674,1.0,1.0
259,139187,259,0.006588302744060249,0.0,0.9973333333333333
260,139772,260,0.008029388148536229,0.0,0.9973118279569892
261,140253,261,0.004564285681522238,0.0,0.9966666666666667
262,140822,262,0.006880990439495025,0.0,0.9973045822102425
263,141303,263,0.003109935187720223,1.0,1.0
264,141840,264,0.014508580584183865,0.0,0.9971671388101983
265,142321,265,0.0023675416084355154,1.0,1.0
266,142802,266,0.0025081428609552755,1.0,1.0
267,143323,267,0.005261667705395599,1.0,1.0
268,143804,268,0.002401350529014761,1.0,1.0
269,144549,269,0.027985162366989672,0.0,0.9903288201160542
270,145030,270,0.0021509962307983215,1.0,1.0
271,145575,271,0.0076831428922346625,0.0,0.9971751412429378
272,146048,272,0.00216327352823786,1.0,1.0
273,146529,273,0.001975703937792515,1.0,1.0
274,147002,274,0.00195815053139927,1.0,1.0
275,147811,275,0.04245730707063287,0.0,0.9825783972125436
276,148292,276,0.0021050401976312324,1.0,1.0
277,148805,277,0.008208590866455482,0.0,0.9970149253731343
278,149286,278,0.0020712265487001303,1.0,1.0
279,149823,279,0.002783523683664934,1.0,1.0
280,150296,280,0.0018271469644407297,1.0,1.0
281,150769,281,0.0020818890734290558,1.0,1.0
282,151250,282,0.0022844112090453783,1.0,1.0
283,151699,283,0.016429556651616207,0.0,0.992619926199262
284,152548,284,0.03878574505919051,0.0,0.9831365935919055
285,153029,285,0.002079613792606483,1.0,1.0
286,154302,286,0.04756468733941618,0.0,0.9826883910386965
287,154783,287,0.001917984629517946,1.0,1.0
288,155288,288,0.005379830862668984,1.0,1.0
289,155769,289,0.002026707521597122,1.0,1.0
290,156250,290,0.0020752439627635825,1.0,1.0
291,156731,291,0.002005717267355686,1.0,1.0
292,157300,292,0.007952120478244411,0.0,0.9973045822102425
293,157869,293,0.003766103812128313,1.0,1.0
294,158350,294,0.02223860503449963,0.0,0.9966555183946488
295,158887,295,0.0035132116843811264,1.0,1.0
296,159368,296,0.0018341137737216317,1.0,1.0
297,159849,297,0.0017890655673318888,1.0,1.0
298,160338,298,0.001828786091912179,1.0,1.0
299,160811,299,0.001884776379675521,1.0,1.0
300,161348,300,0.026370081933159623,0.0,0.9885057471264368
301,161829,301,0.0021012785616607212,1.0,1.0
302,162398,302,0.003347557154352088,1.0,1.0
303,163111,303,0.030540546181056984,0.0,0.9882121807465619
304,163584,304,0.001887588959851434,1.0,1.0
305,164057,305,0.0018744148595780487,1.0,1.0
306,164538,306,0.002088050751570918,1.0,1.0
307,165163,307,0.008789793371309198,0.0,0.9975
308,165644,308,0.006080128141047983,0.0,0.9966442953020134
309,166101,309,0.008578876551741086,0.0,0.9963503649635036
310,166582,310,0.002192976250113271,1.0,1.0
311,167119,311,0.004702334499223669,1.0,1.0
312,167600,312,0.003676261495870639,1.0,1.0
313,168073,313,0.002891173063590252,1.0,1.0
314,168666,314,0.005722022294809392,1.0,1.0
315,169147,315,0.002122104987062884,1.0,1.0
316,169716,316,0.009841736020258849,0.0,0.9973190348525469
317,170189,317,0.0020463012857843115,1.0,1.0
318,170670,318,0.0019419088322635031,1.0,1.0
319,171335,319,0.005990615212375223,0.0,0.9955357142857143
320,171928,320,0.003737903871449357,1.0,1.0
321,172513,321,0.011691824094448553,0.0,0.9972826086956522
322,172994,322,0.0017149299608296554,1.0,1.0
323,173475,323,0.0020773295558793913,1.0,1.0
324,173956,324,0.0018143969271139223,1.0,1.0
325,174437,325,0.0017594934108315554,1.0,1.0
326,174918,326,0.001836302653633659,1.0,1.0
327,175399,327,0.0018888844736984654,1.0,1.0
328,175880,328,0.0018891493372367992,1.0,1.0
329,176769,329,0.024327990249807196,0.0,0.993798449612403
330,177250,330,0.0014784234220991351,1.0,1.0
331,177731,331,0.001535386514829311,1.0,1.0
332,178300,332,0.009919219832619716,0.0,0.9973262032085561
333,178781,333,0.001675411003829363,1.0,1.0
334,179710,334,0.008827849845781846,1.0,1.0
335,180183,335,0.0018538537769917257,1.0,1.0
336,180664,336,0.001642544505289841,1.0,1.0
337,181137,337,0.0016232939648310068,1.0,1.0
338,181618,338,0.001594404159362256,1.0,1.0
339,182203,339,0.00473869770059478,1.0,1.0
340,182684,340,0.0016738520390287984,1.0,1.0
341,183213,341,0.008283383508316993,0.0,0.9971590909090909
342,183694,342,0.0018521323750010927,1.0,1.0
343,184175,343,0.0015090909201621778,1.0,1.0
344,184656,344,0.0018381595583144177,1.0,1.0
345,185105,345,0.02116576947575197,0.0,0.996309963099631
346,185586,346,0.0015550680443183256,1.0,1.0
347,186067,347,0.0015637945100157424,1.0,1.0
348,186748,348,0.018716697635572797,0.0,0.9977777777777778
349,187229,349,0.0016742000088433892,1.0,1.0
350,187710,350,0.001731550810061491,1.0,1.0
351,188191,351,0.0017623302077004412,1.0,1.0
352,188672,352,0.0017040833280559157,1.0,1.0
353,189145,353,0.001646725089989591,1.0,1.0
354,189626,354,0.0016216747679304944,1.0,1.0
355,190107,355,0.0017307629249843487,1.0,1.0
356,190588,356,0.0016241265695980764,1.0,1.0
357,191133,357,0.01178038828240661,0.0,0.9918256130790191
358,191606,358,0.0016459048065511016,1.0,1.0
359,192079,359,0.0016136524263081703,1.0,1.0
360,192560,360,0.0024620930409418214,1.0,1.0
361,193089,361,0.011374549102285822,0.0,0.9943502824858758
362,193562,362,0.0017794387086392483,1.0,1.0
363,194179,363,0.02224354656449729,0.0,0.9925742574257426
364,194652,364,0.0018209286926852413,1.0,1.0
365,195133,365,0.0016293384210097563,1.0,1.0
366,195606,366,0.0015031628428562203,1.0,1.0
367,196087,367,0.0016908955185521157,1.0,1.0
368,196568,368,0.0017337133276028192,1.0,1.0
369,197041,369,0.0015392419202131186,1.0,1.0
370,197570,370,0.0041854943828133415,0.0,0.9971751412429378
371,198051,371,0.0017380286491599603,1.0,1.0
372,198532,372,0.001738961240136088,1.0,1.0
373,199005,373,0.0016992913078079793,1.0,1.0
374,199590,374,0.0050177619833901765,0.0,0.9973118279569892
375,200135,375,0.005201901829776923,1.0,1.0
376,200616,376,0.0016909520503715339,1.0,1.0
377,201209,377,0.0037123258773182825,1.0,1.0
378,201730,378,0.01691443382397755,0.0,0.9909638554216867
379,202203,379,0.0015049565637862705,1.0,1.0
380,202684,380,0.001535252121204386,1.0,1.0
381,203165,381,0.0015155501392018224,1.0,1.0
382,203654,382,0.01971961827493545,0.0,0.9935691318327974
383,204135,383,0.0016194682804603591,1.0,1.0
384,204704,384,0.016706458728030244,0.0,0.9946666666666667
385,205145,385,0.02150429228385542,0.0,0.9962406015037594
386,205626,386,0.0016712402182029907,1.0,1.0
387,206107,387,0.0015860288163263361,1.0,1.0
388,207084,388,0.007205359005022799,0.0,0.9986263736263736
389,207765,389,0.010679716770839212,0.0,0.9977728285077951
390,208246,390,0.0015758064333697562,1.0,1.0
391,208799,391,0.02501899790215049,0.0,0.9943181818181818
392,209416,392,0.030598358679855824,0.0,0.9925373134328358
393,209985,393,0.0035978580998861525,1.0,1.0
394,210466,394,0.0017700440820748009,1.0,1.0
395,210947,395,0.0017303872353537076,1.0,1.0
396,211428,396,0.0017548240285757612,1.0,1.0
397,211957,397,0.010059184360740601,0.0,0.9943502824858758
398,212478,398,0.00621109955207844,0.0,0.997134670487106
399,212959,399,0.0018271815909613387,1.0,1.0
400,213440,400,0.0018448088105807257,1.0,1.0
401,214033,401,0.0038648737826004784,1.0,1.0
402,214514,402,0.0017803305924424017,1.0,1.0
403,215059,403,0.006339282206753685,0.0,0.9971751412429378
404,215540,404,0.0016502586529929236,1.0,1.0
405,216013,405,0.0017231367520319286,1.0,1.0
406,216534,406,0.004177009067500628,1.0,1.0
407,217103,407,0.004248371356583236,1.0,1.0
408,217584,408,0.001718181093310657,1.0,1.0
409,218033,409,0.010746292627858967,0.0,0.996309963099631
410,218570,410,0.006620885061844559,0.0,0.9971988795518207
411,219131,411,0.016295092594738023,0.0,0.9943977591036415
412,219748,412,0.015004219823503246,0.0,0.9925742574257426
413,220229,413,0.001938917219969848,1.0,1.0
414,220710,414,0.0016469608810602558,1.0,1.0
415,221191,415,0.0015755377056561144,1.0,1.0
416,221664,416,0.0017229633798547894,1.0,1.0
417,222137,417,0.0015689463358784842,1.0,1.0
418,222706,418,0.003356363903988058,1.0,1.0
419,223179,419,0.0015633763090565965,1.0,1.0
420,223660,420,0.0017005622356451211,1.0,1.0
421,224181,421,0.00520944237001401,0.0,0.9969879518072289
422,224718,422,0.0032472232162400927,1.0,1.0
423,225311,423,0.003453680844896639,1.0,1.0
424,226000,424,0.012287853484109825,0.0,0.9954441913439636
425,226473,425,0.0015734841796938735,1.0,1.0
426,226954,426,0.0015289900921328344,1.0,1.0
427,227427,427,0.0016225080505665448,1.0,1.0
428,228404,428,0.0051006360313138824,1.0,1.0
429,228949,429,0.0035058896546292266,1.0,1.0
430,229430,430,0.001478634067455103,1.0,1.0
431,229903,431,0.001357895497184175,1.0,1.0
432,230384,432,0.001382860736238381,1.0,1.0
433,230865,433,0.0014808956643765807,1.0,1.0
434,231338,434,0.0014912137683979866,1.0,1.0
435,232083,435,0.02372725993498928,0.0,0.9903288201160542
436,232612,436,0.004894582446843804,0.0,0.9971751412429378
437,233093,437,0.0015400831801992462,1.0,1.0
438,233566,438,0.0013253691334229195,1.0,1.0
439,234047,439,0.0016442925761092806,1.0,1.0
440,234576,440,0.0028074635624454935,1.0,1.0
441,235057,441,0.0015382555630402421,1.0,1.0
442,235642,442,0.01110213744184319,0.0,0.9972826086956522
443,236307,443,0.010982330945834373,0.0,0.9954128440366973
444,236956,444,0.017976671174306267,0.0,0.9910514541387024
445,237581,445,0.011125895149413366,0.0,0.9975
446,238166,446,0.005460285349669167,0.0,0.9972972972972973
447,238639,447,0.0014019321234492205,1.0,1.0
448,239120,448,0.0014238038533320267,1.0,1.0
449,239633,449,0.013559914113697823,0.0,0.9940298507462687
450,240114,450,0.0015721922632614422,1.0,1.0
451,240683,451,0.0025883583468201575,1.0,1.0
452,241172,452,0.0014778179372718673,1.0,1.0
453,241653,453,0.00155520130781127,1.0,1.0
454,242206,454,0.010888122678795083,0.0,0.9971590909090909
455,243135,455,0.00616808822548279,0.0,0.998546511627907
456,243616,456,0.0016560998992686403,1.0,1.0
457,244073,457,0.010145169351052793,0.0,0.9963503649635036
458,244962,458,0.022335021135708576,0.0,0.9922480620155039
459,245443,459,0.0015429893576544428,1.0,1.0
460,245996,460,0.012607610893541347,0.0,0.9941348973607038
461,246445,461,0.0083954221701573,0.0,0.9963235294117647
462,247670,462,0.017267509726964163,0.0,0.994535519125683
463,248151,463,0.001708944779329748,1.0,1.0
464,248632,464,0.0020563463395947596,1.0,1.0
465,249201,465,0.004915014902928301,1.0,1.0
466,249770,466,0.004226781998054224,1.0,1.0
467,250251,467,0.002373202738565394,1.0,1.0
468,250732,468,0.0021819865094706145,1.0,1.0
469,251213,469,0.0025394914208973526,1.0,1.0
470,251798,470,0.004247677124353798,1.0,1.0
471,252279,471,0.0020530241068893065,1.0,1.0
472,252760,472,0.0021372103396822143,1.0,1.0
473,253305,473,0.0032688234652699546,1.0,1.0
474,253786,474,0.0021516610540514946,1.0,1.0
475,254267,475,0.0035214649397241654,0.0,0.9966555183946488
476,254852,476,0.00305703444421782,1.0,1.0
477,255333,477,0.01030835412705292,0.0,0.9966555183946488
478,255814,478,0.001477113182275363,1.0,1.0
479,256295,479,0.0016612231926543142,1.0,1.0
480,256776,480,0.0015052903550358595,1.0,1.0
481,257457,481,0.004913303047602137,0.0,0.9977777777777778
482,257938,482,0.0015031965228106709,1.0,1.0
483,258515,483,0.0022513013639524223,1.0,1.0
484,258996,484,0.0014910540750836556,1.0,1.0
485,259541,485,0.00892784431335255,0.0,0.9971830985915493
486,260126,486,0.011973370167629132,0.0,0.9945945945945946
487,260607,487,0.0015031064350362507,1.0,1.0
488,261240,488,0.025929819036390158,0.0,0.9888143176733781
489,261721,489,0.0014968229629929927,1.0,1.0
490,262194,490,0.0014263411844803232,1.0,1.0
491,262675,491,0.0014774976690542418,1.0,1.0
492,263156,492,0.0014413211317839574,1.0,1.0
493,263637,493,0.0013736669729904293,1.0,1.0
494,264110,494,0.001389325052937127,1.0,1.0
495,264591,495,0.001350687188746891,1.0,1.0
496,265160,496,0.0026228460876355523,1.0,1.0
497,265633,497,0.0014969052854329097,1.0,1.0
498,266114,498,0.001469983948148435,1.0,1.0
499,266587,499,0.001375651478275531,1.0,1.0
500,267100,500,0.011836912558371777,0.0,0.9940119760479041
501,267637,501,0.008047328640034197,0.0,0.9971671388101983
502,268174,502,0.002190829442549887,1.0,1.0
503,268655,503,0.0013467948156220733,1.0,1.0
504,269160,504,0.011105446527200328,0.0,0.9939393939393939
505,270433,505,0.021178520278610693,0.0,0.9918533604887984
506,270914,506,0.0014478287500646547,1.0,1.0
507,271403,507,0.01225187931362374,0.0,0.9967845659163987
508,271884,508,0.0014828604551554653,1.0,1.0
509,272453,509,0.002967453952796498,1.0,1.0
510,272934,510,0.0014419024143006258,1.0,1.0
511,273415,511,0.0018084729394987062,1.0,1.0
512,273896,512,0.0014103963549511487,1.0,1.0
513,274513,513,0.006819999046289155,1.0,1.0
514,274994,514,0.0014308225886300967,1.0,1.0
515,275523,515,0.003136438536374158,1.0,1.0
516,276028,516,0.006641480408109235,0.0,0.9969879518072289
517,276501,517,0.00138634114068056,1.0,1.0
518,276982,518,0.0014330455239679664,1.0,1.0
519,277463,519,0.0014054770584872038,1.0,1.0
520,278008,520,0.016381673856010193,0.0,0.997134670487106
521,278489,521,0.0014186884539786472,1.0,1.0
522,278930,522,0.023239320278190725,0.0,0.9962406015037594
523,279403,523,0.0013482092670839378,1.0,1.0
524,279884,524,0.0013870270124268786,1.0,1.0
525,280549,525,0.0023241210772656606,1.0,1.0
526,281030,526,0.0014374381534467916,1.0,1.0
527,281599,527,0.0024111352130600627,1.0,1.0
528,282592,528,0.010164980393663514,0.0,0.9958100558659218
529,283073,529,0.001503679663081116,1.0,1.0
530,283554,530,0.0013187204383312502,1.0,1.0
531,284035,531,0.0014006506754663602,1.0,1.0
532,284564,532,0.0027621587006438396,1.0,1.0
533,285101,533,0.00182037395155969,1.0,1.0
534,285582,534,0.001465891461583924,1.0,1.0
535,286063,535,0.0015733591082603702,1.0,1.0
536,286632,536,0.0022751994122222076,1.0,1.0
537,287177,537,0.00888647774815402,0.0,0.997275204359673
538,287650,538,0.0014556018731763192,1.0,1.0
539,288131,539,0.001624368185536512,1.0,1.0
540,288660,540,0.009917571533501281,0.0,0.9971590909090909
541,289141,541,0.0015475827953062285,1.0,1.0
542,289622,542,0.0016510802140725508,1.0,1.0
543,290103,543,0.001487999484394682,1.0,1.0
544,290560,544,0.009936924699512245,0.0,0.9963503649635036
545,291209,545,0.01830476862400611,0.0,0.9888888888888889
546,291690,546,0.0015115648389742822,1.0,1.0
547,292171,547,0.0014037089834664017,1.0,1.0
548,292652,548,0.001575566312157457,1.0,1.0
549,293133,549,0.001443435145788427,1.0,1.0
550,293614,550,0.0015074249186912368,1.0,1.0
551,294343,551,0.010348058722491667,0.0,0.9958246346555324
552,294824,552,0.001778793257413859,1.0,1.0
553,295305,553,0.0015404986834547554,1.0,1.0
554,295778,554,0.001579190430162047,1.0,1.0
555,296259,555,0.0020394351476542665,1.0,1.0
556,296740,556,0.001584285574844361,1.0,1.0
557,297309,557,0.0063891511737756024,0.0,0.9973333333333333
558,297790,558,0.0015852051965958645,1.0,1.0
559,298263,559,0.0014952920764834958,1.0,1.0
560,298744,560,0.0017751740844272326,1.0,1.0
561,299225,561,0.001617026239546771,1.0,1.0
562,299706,562,0.0013481904788745747,1.0,1.0
563,300299,563,0.0024500291270928274,1.0,1.0
564,300780,564,0.001547866513247651,1.0,1.0
565,301253,565,0.0016174278731886046,1.0,1.0
566,301734,566,0.0014574305103586104,1.0,1.0
567,302207,567,0.0013770335756152332,1.0,1.0
568,302728,568,0.006572569255122043,0.0,0.997134670487106
569,303209,569,0.0012589018234730397,1.0,1.0
570,303690,570,0.0013801724004751552,1.0,1.0
571,304539,571,0.021471417581170944,0.0,0.9932546374367622
572,305132,572,0.0025248016222739473,1.0,1.0
573,305613,573,0.001716435613885025,1.0,1.0
574,306086,574,0.001545979743833522,1.0,1.0
575,306567,575,0.0014055693943904185,1.0,1.0
576,307048,576,0.0013159329993960587,1.0,1.0
577,307497,577,0.010698761267462232,0.0,0.996309963099631
578,307970,578,0.001463186321030488,1.0,1.0
579,308451,579,0.0012676437834241742,1.0,1.0
580,308932,580,0.0013045188903545277,1.0,1.0
581,309413,581,0.00143745499362601,1.0,1.0
582,309894,582,0.0013777979042181596,1.0,1.0
583,310375,583,0.001262838040961775,1.0,1.0
584,310848,584,0.0015087515388086494,1.0,1.0
585,311657,585,0.01220782836443547,0.0,0.9912891986062717
586,312250,586,0.0026389556662214314,1.0,1.0
587,312819,587,0.0019817933173089256,1.0,1.0
588,313500,588,0.0027401797121455415,1.0,1.0
589,313957,589,0.007829548410122065,0.0,0.9963503649635036
590,314670,590,0.009124635481262928,0.0,0.9980353634577603
591,315255,591,0.0026905072487108184,1.0,1.0
592,315872,592,0.0025674474169264105,1.0,1.0
593,316353,593,0.0013993063278975224,1.0,1.0
594,316834,594,0.001300316917467663,1.0,1.0
595,317315,595,0.0014289120637530992,1.0,1.0
596,318196,596,0.009776858547120853,0.0,0.9953198127925117
597,318669,597,0.0014127843206581043,1.0,1.0
598,319150,598,0.001594562070384787,1.0,1.0
599,319687,599,0.010798424559949506,0.0,0.9942528735632183
600,320160,600,0.001312217489242455,1.0,1.0
601,321041,601,0.007091662197494276,0.0,0.9984399375975039
602,321522,602,0.0015914052880409253,1.0,1.0
603,322091,603,0.001886065351963944,1.0,1.0
604,322660,604,0.0020192041174448426,1.0,1.0
605,323141,605,0.001399149154916394,1.0,1.0
606,323990,606,0.009179202547651158,1.0,1.0
607,324575,607,0.004887114488313831,0.0,0.9972972972972973
608,325056,608,0.0014406531212704946,1.0,1.0
609,325529,609,0.0012375530012043196,1.0,1.0
610,326010,610,0.0013371177772112056,1.0,1.0
611,326491,611,0.0012952028583378423,1.0,1.0
612,326964,612,0.0014645940313107908,1.0,1.0
613,327445,613,0.0015836407113125235,1.0,1.0
614,327918,614,0.0013686789956782934,1.0,1.0
615,328399,615,0.0013028464529903148,1.0,1.0
616,328880,616,0.0014436290635629373,1.0,1.0
617,329401,617,0.0023398908007830604,1.0,1.0
618,329882,618,0.0013441980099213376,1.0,1.0
619,330363,619,0.0014469068593369859,1.0,1.0
620,330844,620,0.0015609983243582354,1.0,1.0
621,331325,621,0.0013454703796876887,1.0,1.0
622,331854,622,0.0019828439165629885,1.0,1.0
623,332335,623,0.0012377401363078979,1.0,1.0
624,332816,624,0.00120314777088826,1.0,1.0
625,333289,625,0.0012805758781575442,1.0,1.0
626,333770,626,0.0012871831666358825,1.0,1.0
627,334251,627,0.0013527026624758748,1.0,1.0
628,334732,628,0.0014233371845641767,1.0,1.0
629,335213,629,0.001417749828868309,1.0,1.0
630,335878,630,0.004022875186422265,1.0,1.0
631,336359,631,0.0012770738084619186,1.0,1.0
632,337352,632,0.005309441901382756,0.0,0.9986033519553073
633,338329,633,0.0045834563142998705,0.0,0.9986263736263736
634,338858,634,0.003234987786333917,1.0,1.0
635,339339,635,0.0013118027745107747,1.0,1.0
636,339812,636,0.0014395024335962627,1.0,1.0
637,340381,637,0.0021256681644061426,1.0,1.0
638,340862,638,0.007642948312081188,0.0,0.9966555183946488
639,341335,639,0.001363254095887829,1.0,1.0
640,341808,640,0.0013007205079998486,1.0,1.0
641,342313,641,0.013579401388649848,0.0,0.9939759036144579
642,342794,642,0.0013128007650209017,1.0,1.0
643,343323,643,0.002319827208868818,1.0,1.0
644,343908,644,0.002285879469537445,1.0,1.0
645,344365,645,0.009712206379609054,0.0,0.9963503649635036
646,344910,646,0.00408247714073109,0.0,0.9971751412429378
647,345479,647,0.0017063930557161286,1.0,1.0
648,346040,648,0.007065692147554617,0.0,0.9971988795518207
649,346521,649,0.0012973111836232954,1.0,1.0
650,347002,650,0.0012773892948599896,1.0,1.0
651,347483,651,0.0013429538273394422,1.0,1.0
652,347964,652,0.0013711568572243444,1.0,1.0
653,348445,653,0.0013860784508869853,1.0,1.0
654,348982,654,0.0026129746811841383,1.0,1.0
655,349511,655,0.001739636685725081,1.0,1.0
656,350160,656,0.010067939844549838,0.0,0.9977628635346756
657,350681,657,0.003512656061119212,0.0,0.9969879518072289
658,351162,658,0.0013775427254273383,1.0,1.0
659,351699,659,0.0020821485152905748,1.0,1.0
660,352268,660,0.001790402270418399,1.0,1.0
661,352749,661,0.001353237452049487,1.0,1.0
662,353230,662,0.0014120491615847086,1.0,1.0
663,353711,663,0.0012681439224223432,1.0,1.0
664,354192,664,0.0012864120075485178,1.0,1.0
665,354673,665,0.0013614957652934342,1.0,1.0
666,355322,666,0.009187098858435622,0.0,0.9933333333333333
667,356547,667,0.012550934554743097,0.0,0.9967213114754099
668,357028,668,0.0013208487472404177,1.0,1.0
669,357509,669,0.001366363942963278,1.0,1.0
670,358126,670,0.005727310589422285,1.0,1.0
671,358599,671,0.0013299709825817718,1.0,1.0
672,359408,672,0.005860578731481869,1.0,1.0
673,360681,673,0.010682931593155576,0.0,0.9969450101832994
674,361154,674,0.0013212949686086653,1.0,1.0
675,361635,675,0.001359700138530938,1.0,1.0
676,362220,676,0.001992569405320689,1.0,1.0
677,362709,677,0.0013692822799380544,1.0,1.0
678,363190,678,0.0012963150555204838,1.0,1.0
679,363671,679,0.0012380927545971533,1.0,1.0
680,364152,680,0.0011875423728172929,1.0,1.0
681,364841,681,0.00984199864221021,0.0,0.9954441913439636
682,365474,682,0.00832277550141952,0.0,0.9977628635346756
683,365955,683,0.0014026406105971958,1.0,1.0
684,366436,684,0.0013408761730068011,1.0,1.0
685,367021,685,0.002300608549646355,1.0,1.0
686,367614,686,0.0021223975043585122,1.0,1.0
687,368063,687,0.010637265596051883,0.0,0.9963235294117647
688,368544,688,0.0013551321950792874,1.0,1.0
689,369129,689,0.0025400639606679852,1.0,1.0
690,369706,690,0.0016192347391428543,1.0,1.0
691,370331,691,0.005029660319264718,0.0,0.9975
692,370788,692,0.009990196243359444,0.0,0.9963503649635036
693,371261,693,0.0013086187325009513,1.0,1.0
694,371790,694,0.002958912075535811,1.0,1.0
695,372271,695,0.0012496196162239085,1.0,1.0
696,372776,696,0.009027598334090883,0.0,0.9939393939393939
697,373249,697,0.0012963628029136294,1.0,1.0
698,373730,698,0.0013830097875194127,1.0,1.0
699,374211,699,0.0012315467259383732,1.0,1.0
700,374764,700,0.005809896990440793,0.0,0.9970674486803519
701,375381,701,0.008395403927712465,0.0,0.9975124378109452
702,375934,702,0.010765479359314873,0.0,0.9971590909090909
703,376407,703,0.0012514533633213318,1.0,1.0
704,377152,704,0.007683806011551895,1.0,1.0
705,377689,705,0.007075834612323121,0.0,0.9971264367816092
706,378162,706,0.0013323607441177968,1.0,1.0
707,378643,707,0.001215183505624429,1.0,1.0
708,379124,708,0.001517486505686776,1.0,1.0
709,379605,709,0.0011855448385318821,1.0,1.0
710,380078,710,0.001441594886693985,1.0,1.0
711,380759,711,0.0027386933356639736,1.0,1.0
712,381232,712,0.0013641971280306258,1.0,1.0
713,381713,713,0.0012830267045932154,1.0,1.0
714,382194,714,0.001264393348225155,1.0,1.0
715,383123,715,0.005236543021737968,0.0,0.998546511627907
716,383604,716,0.0013199549195435495,1.0,1.0
717,384141,717,0.00635116140918944,0.0,0.9971988795518207
718,384614,718,0.0012479010180479722,1.0,1.0
719,385183,719,0.001646721668487737,1.0,1.0
720,385656,720,0.0012757563654628378,1.0,1.0
721,386225,721,0.0017483672631154613,1.0,1.0
722,386698,722,0.0014069600010846628,1.0,1.0
723,387179,723,0.0013463045155488772,1.0,1.0
724,387652,724,0.0013297517855874012,1.0,1.0
725,388093,725,0.013251410223058842,0.0,0.9962406015037594
726,388574,726,0.0013856313948535195,1.0,1.0
727,389055,727,0.0014023811939730638,1.0,1.0
728,389528,728,0.0013362318078676567,1.0,1.0
729,390009,729,0.0012693457713891742,1.0,1.0
730,390490,730,0.0013132321272040818,1.0,1.0
731,390971,731,0.0013957373207638863,1.0,1.0
732,391444,732,0.0013182180046608513,1.0,1.0
733,391925,733,0.0012151520143836821,1.0,1.0
734,392518,734,0.002113202327374973,1.0,1.0
735,392999,735,0.0013260602239450825,1.0,1.0
736,393472,736,0.0013477008004225736,1.0,1.0
737,394065,737,0.0025688055738726594,1.0,1.0
738,394546,738,0.001401978136627163,1.0,1.0
739,395027,739,0.0013933053783405551,1.0,1.0
740,395508,740,0.0014120725610097173,1.0,1.0
741,395989,741,0.0012169978359300162,1.0,1.0
742,396670,742,0.002656701895440982,1.0,1.0
743,397239,743,0.0018083724444159879,1.0,1.0
744,397720,744,0.0014490247829789396,1.0,1.0
745,398313,745,0.002170843427653438,1.0,1.0
746,398770,746,0.00604114642892893,0.0,0.9963503649635036
747,399251,747,0.0012924105710854065,1.0,1.0
748,399796,748,0.0033892181060145373,0.0,0.9971751412429378
749,400277,749,0.0012887407673969052,1.0,1.0
750,400758,750,0.0014251151080105844,1.0,1.0
751,401239,751,0.0013759816196343806,1.0,1.0
752,401824,752,0.0025327769503089804,1.0,1.0
753,402713,753,0.011353293514289535,0.0,0.9953488372093023
754,403194,754,0.0013820734349949996,1.0,1.0
755,403675,755,0.0015128510461323936,1.0,1.0
756,404188,756,0.0049246771058112145,0.0,0.9970149253731343
757,404669,757,0.0012844166472968741,1.0,1.0
758,405238,758,0.0016827869542706294,1.0,1.0
759,405719,759,0.0015210386161800197,1.0,1.0
760,406384,760,0.0016922408508435699,1.0,1.0
761,406865,761,0.0012734308277306543,1.0,1.0
762,407578,762,0.006184134764930046,0.0,0.9980353634577603
763,408059,763,0.0015124295157649139,1.0,1.0
764,408596,764,0.0020037432433790666,1.0,1.0
765,409069,765,0.001281817829712632,1.0,1.0
766,409614,766,0.002143358245463864,1.0,1.0
767,410095,767,0.0013668656491043127,1.0,1.0
768,410576,768,0.0012963624623105634,1.0,1.0
769,411121,769,0.005151795277215907,0.0,0.9971830985915493
770,411594,770,0.0013505753256236144,1.0,1.0
771,412323,771,0.005613565066538803,0.0,0.9979123173277662
772,412940,772,0.0022300241062042916,1.0,1.0
773,413421,773,0.001319119130794228,1.0,1.0
774,413870,774,0.006210189459968566,0.0,0.996309963099631
775,414415,775,0.006515207990867968,0.0,0.997134670487106
776,414888,776,0.0014664595881972787,1.0,1.0
777,415337,777,0.007522102765536668,0.0,0.996309963099631
778,415906,778,0.001788121187805334,1.0,1.0
779,416475,779,0.0022979189385395797,1.0,1.0
780,416956,780,0.0014899414257141372,1.0,1.0
781,417437,781,0.001303728559993867,1.0,1.0
782,417918,782,0.001275631116256925,1.0,1.0
783,418463,783,0.0031393380042902983,1.0,1.0
784,419056,784,0.0019928462434352324,1.0,1.0
785,419569,785,0.011763443267053041,0.0,0.9940119760479041
786,420042,786,0.0013334363437429286,1.0,1.0
787,420531,787,0.0027403454609028982,1.0,1.0
788,421012,788,0.001316190264750863,1.0,1.0
789,421493,789,0.0014221038712711118,1.0,1.0
790,421974,790,0.001320324803364767,1.0,1.0
791,422455,791,0.0014958394215991858,1.0,1.0
792,422992,792,0.001676850409262567,1.0,1.0
793,423473,793,0.0013509924729198759,1.0,1.0
794,423954,794,0.001455458315954356,1.0,1.0
795,424435,795,0.0014018573731236147,1.0,1.0
796,424916,796,0.0013878042968607503,1.0,1.0
797,425397,797,0.0013771657654237236,1.0,1.0
798,425878,798,0.0013798887280693048,1.0,1.0
799,426399,799,0.0021630297999019332,1.0,1.0
800,426880,800,0.0013754043454279508,1.0,1.0
801,427361,801,0.0011854269677113811,1.0,1.0
